pid,confidence_part1,confidence_part2,confidence_part3,difficulty_part1,difficulty_part2,difficulty_part3,save_part1,save_part2,save_part3,confidence_overall
E1,5,7,7,4,5,3,5,3,4,6
E2,5,4,5,4,4,3,1,1,1,4
E3,7,5,5,2,3,2,1,1,1,6
E4,4,3,5,4,5,3,3,2,5,4
E5,4,2,6,3,6,5,5,4,6,7
N1,5,3,3,4,5,5,6,5,5,4
N2,3,2,4,6,6,6,4,6,7,3
N3,2,3,3,6,5,5,7,7,7,3
N4,6,3,4,3,5,4,4,4,6,4
