pid,Expertise,age,level_of_education,years_programming_experience,years_python_experience,years_pandas_experience,confidence_python,confidence_pandas,confidence_part1,difficulty_part1,save_part1,confidence_part2,difficulty_part2,save_part2,confidence_part3,difficulty_part3,save_part3,confidence_overall,assessed_task0,assessed_task1,assessed_task2,assessed_task3
E1,Expert,23,Master's Degree,More than 5 Years,More than 5 Years,3-4 Years,6,7,5,4,5,7,5,3,7,3,4,6,5,3,5,5
E2,Expert,23,Bachelor's Degree,3-4 Years,3-4 Years,3-4 Years,5,5,5,4,1,4,4,1,5,3,1,4,4,2,2,3
E3,Expert,28,Master's Degree,More than 5 Years,More than 5 Years,More Than 5 Years,6,5,7,2,1,5,3,1,5,2,1,6,4,2,3,4
E4,Expert,20,High school diploma or GED,More than 5 Years,More than 5 Years,3-4 Years,7,7,4,4,3,3,5,2,5,3,5,4,3,2,2,2
E5,Expert,21,"Some college, but no degree",3-4 Years,3-4 Years,1-2 Years,6,5,4,3,5,2,6,4,6,5,6,7,5,2,4,4
N1,Novice,18,High school diploma or GED,1-2 Years,1-2 Years,1-2 Years,5,2,5,4,6,3,5,5,3,5,5,4,3,2,3,2
N2,Novice,20,High school diploma or GED,1-2 Years,1-2 Years,1-2 Years,5,2,3,6,4,2,6,6,4,6,7,3,1,1,1,1
N3,Novice,20,"Some college, but no degree",1-2 Years,1-2 Years,1-2 Years,3,2,2,6,7,3,5,7,3,5,7,3,2,1,2,2
N4,Novice,19,"Some college, but no degree",3-4 Years,3-4 Years,1-2 Years,6,4,6,3,4,3,5,4,4,4,6,4,4,1,2,3